{"cameraMode":{"drawMode":0,"name":"Shaded","section":"Shading Mode"},"sceneLighting":false,"audioPlay":false,"sceneViewState":{"m_AlwaysRefresh":false,"showFog":true,"showSkybox":false,"showFlares":true,"showImageEffects":true,"showParticleSystems":true,"showVisualEffectGraphs":true,"m_FxEnabled":true},"in2DMode":false,"pivot":{"x":-1.9335923194885255,"y":0.6023764610290527,"z":2.1616179943084719},"rotation":{"x":-0.15101420879364015,"y":0.7394323348999023,"z":-0.17673532664775849,"w":-0.6318431496620178},"size":1.3849438428878785,"orthographic":false}